{
  "epoch": [
    0,
    1,
    2,
    3,
    4,
    5,
    6,
    7,
    8,
    9,
    10,
    11,
    12,
    13,
    14,
    15,
    16,
    17,
    18,
    19,
    20,
    21,
    22,
    23,
    24,
    25,
    26,
    27,
    28,
    29,
    30,
    31,
    32,
    33,
    34,
    35,
    36,
    37,
    38,
    39,
    40,
    41,
    42,
    43,
    44,
    45,
    46,
    47,
    48,
    49,
    50,
    51,
    52,
    53,
    54,
    55,
    56,
    57,
    58,
    59
  ],
  "train_loss": [
    1.7611677258159406,
    0.7538001748700492,
    0.7527381031277081,
    0.8260533501164982,
    0.8479154679341058,
    0.8561124013254817,
    0.8421475156046712,
    0.8116486276300571,
    0.7940578673975155,
    0.7254334349220934,
    0.8274388181896636,
    0.7383533512441495,
    0.6380761632332786,
    0.5586453287270122,
    0.5130297892485944,
    0.4433943130575811,
    0.47356306052150815,
    0.3457544880172315,
    0.3310077300372596,
    0.2955219529021662,
    0.29981548716418277,
    0.24432384347715697,
    0.2586951712354684,
    0.26373942705769887,
    0.2444957533238319,
    0.2625944204509449,
    0.2810222356559369,
    0.27543898509999815,
    0.28721333933047977,
    0.30428748648649395,
    0.3172648015458839,
    0.2839388065456678,
    0.3092071375312706,
    0.2643481370228262,
    0.2595975718523462,
    0.25752849197282957,
    0.2605331371398494,
    0.2686230940595507,
    0.24465340321151594,
    0.22698175707183327,
    0.2229900269296032,
    0.20273438720300366,
    0.2296074987671817,
    0.20138385366148556,
    0.1950411343643555,
    0.19354085783108163,
    0.19110713856883896,
    0.20027978977741906,
    0.18426790628165673,
    0.1838619458420684,
    0.16557128280520247,
    0.16323636180628984,
    0.15617733801039643,
    0.15941232160186045,
    0.15198159073226558,
    0.15114553399479236,
    0.15211786139316072,
    0.15228318040982222,
    0.1511848130867409,
    0.15063018270265371
  ],
  "train_acc": [
    0.0,
    0.0062,
    0.1355,
    0.2671,
    0.3163,
    0.341,
    0.425,
    0.4781,
    0.5452,
    0.636,
    0.5856,
    0.627,
    0.7187,
    0.7711,
    0.7657,
    0.8245,
    0.8303,
    0.8604,
    0.8816,
    0.8834,
    0.8793,
    0.8841,
    0.8838,
    0.8911,
    0.8839,
    0.8801,
    0.865,
    0.8701,
    0.8738,
    0.872,
    0.8593,
    0.8795,
    0.8699,
    0.8857,
    0.8816,
    0.8852,
    0.8902,
    0.8839,
    0.9024,
    0.904,
    0.9105,
    0.9088,
    0.8962,
    0.911,
    0.9085,
    0.9062,
    0.9078,
    0.9103,
    0.9164,
    0.9166,
    0.9167,
    0.9147,
    0.9163,
    0.9174,
    0.917,
    0.9165,
    0.9188,
    0.9176,
    0.9183,
    0.9189
  ],
  "val_loss": [
    2.610524059484561,
    1.5363991489044775,
    1.2542870012335121,
    0.8855987513027253,
    0.7286374658441391,
    0.8162631733348956,
    0.8671177261934494,
    0.9206216438128926,
    0.9437474378000814,
    0.8871328048050975,
    0.836606418743682,
    0.8217090244491261,
    0.7276926916628219,
    0.7274031623864707,
    0.6415147190086377,
    0.5726380613379585,
    0.5327528167646914,
    0.46651457083491854,
    0.3878444935947942,
    0.3395954682804144,
    0.311729421107152,
    0.29620560001546203,
    0.2894178253059951,
    0.2774806167728033,
    0.2722452973333982,
    0.2704043653421699,
    0.27632639710657514,
    0.27760798531694536,
    0.2760727584671479,
    0.2861247264420072,
    0.2922588420061829,
    0.2878680435327676,
    0.2839344477477356,
    0.27654910653520126,
    0.2727413923083879,
    0.2730733426436544,
    0.26730564446114125,
    0.2682036757588196,
    0.27468840563640046,
    0.2750396513329527,
    0.2685623751542629,
    0.2622435738484319,
    0.2706739331800907,
    0.26604656928692,
    0.2644480802475835,
    0.260494740900045,
    0.2598494530771487,
    0.2630309458738699,
    0.2598089740132562,
    0.26149306645075354,
    0.25642566193644994,
    0.2555863332396117,
    0.2540111778595577,
    0.25473584946447286,
    0.25546067722213156,
    0.2546126463780769,
    0.2549771358863043,
    0.25637672999844,
    0.2573836297510912,
    0.2571190522073176
  ],
  "val_acc": [
    0.0,
    0.0,
    0.0,
    0.0003,
    0.0037,
    0.0964,
    0.2548,
    0.2824,
    0.2642,
    0.3839,
    0.485,
    0.5606,
    0.6812,
    0.6607,
    0.7346,
    0.7784,
    0.7988,
    0.8356,
    0.8769,
    0.8969,
    0.9037,
    0.9049,
    0.9021,
    0.9059,
    0.9064,
    0.9075,
    0.9079,
    0.906,
    0.9074,
    0.9101,
    0.9084,
    0.9116,
    0.9084,
    0.9122,
    0.9124,
    0.9113,
    0.9144,
    0.9177,
    0.9159,
    0.9124,
    0.9128,
    0.9131,
    0.9113,
    0.9129,
    0.9137,
    0.9149,
    0.9133,
    0.9106,
    0.9104,
    0.9102,
    0.9135,
    0.9107,
    0.9108,
    0.9076,
    0.9059,
    0.904,
    0.903,
    0.9027,
    0.9019,
    0.9013
  ],
  "learning_rate": [
    1.565e-05,
    3.13e-05,
    4.695e-05,
    6.26e-05,
    7.825e-05,
    9.39e-05,
    9.996803488318365e-05,
    9.977756934042511e-05,
    9.941621487646819e-05,
    9.888521203952237e-05,
    9.818638378926932e-05,
    9.732212923854984e-05,
    9.629541541708774e-05,
    9.510976708552632e-05,
    9.376925463474617e-05,
    9.227848011200675e-05,
    9.064256142188472e-05,
    8.886711475624776e-05,
    8.695823531358297e-05,
    8.492247637387123e-05,
    8.276682680084448e-05,
    8.049868704886191e-05,
    7.812584375677471e-05,
    7.565644301599976e-05,
    7.309896240457453e-05,
    7.046218188320144e-05,
    6.775515365319733e-05,
    6.498717107982716e-05,
    6.216773678770931e-05,
    5.930653003782323e-05,
    5.641337349811542e-05,
    5.3498199521781877e-05,
    5.057101604899573e-05,
    4.764187224914072e-05,
    4.472082402150292e-05,
    4.181789947285819e-05,
    3.894306449047287e-05,
    3.6106188528707067e-05,
    3.3317010726677115e-05,
    3.0585106473296874e-05,
    2.791985453448162e-05,
    2.5330404855368915e-05,
    2.282564714809266e-05,
    2.0414180372950274e-05,
    1.8104283217735652e-05,
    1.5903885676584e-05,
    1.3820541825899575e-05,
    1.1861403890828065e-05,
    1.0033197691304807e-05,
    8.342199551973733e-06,
    6.794214755246297e-06,
    5.394557611472528e-06,
    4.148033214643893e-06,
    3.0589209462618065e-06,
    2.130959784003844e-06,
    1.3673354656236592e-06,
    7.706695521515872e-07,
    3.43010427942686e-07,
    8.5826268469269e-08,
    0.0
  ],
  "avg_steps_train": [
    0.2504,
    0.2504,
    0.2504,
    0.2504,
    0.2504,
    0.2504,
    0.2504,
    0.2504,
    0.2504,
    0.2504,
    0.2504,
    0.2504,
    0.2504,
    0.2504,
    0.2504,
    0.2504,
    0.2504,
    0.2504,
    0.2504,
    0.2504,
    0.2504,
    0.2504,
    0.2504,
    0.2504,
    0.2504,
    0.2504,
    0.2504,
    0.2504,
    0.2504,
    0.2504,
    0.2504,
    0.2504,
    0.2504,
    0.2504,
    0.2504,
    0.2504,
    0.2504,
    0.2504,
    0.2504,
    0.2504,
    0.2504,
    0.2504,
    0.2504,
    0.2504,
    0.2504,
    0.2504,
    0.2504,
    0.2504,
    0.2504,
    0.2504,
    0.2504,
    0.2504,
    0.2504,
    0.2504,
    0.2504,
    0.2504,
    0.2504,
    0.2504,
    0.2504,
    0.2504
  ],